Arofat xola oshxonaga kirdi-yu, kechki ovqatdan so‘ng yig‘ishtirib olingan idish-tovoqlarning haligacha yuvilmaganini ko‘rib, jahli chiqdi
Sardor sigirini soyaga olib O‘tkir o‘rtog‘i bilan daladan qaytarkan  atrofi  beton  g‘isht bilan o‘ralgan  taxta tilish  sexi yonida to‘xtab qoldi
Odamlar bilan liq toʻla avtobus noiloj navbatdagi bekatda toʻxtadi| Biror yoʻlovchi tushmadi| Ammo oldi eshikdan tuguncha koʻtargan kampir bilan chol chiqdi| Oyoq qoʻyishga joy yoʻqligidan qariyalar chiqqan joylarida turib qolishdi| Biroq bir-ikki bekat yurmasdan odamlar ularni avtobus oʻrtasiga surib, oborib qoʻyishdi
Bolalikning zarhal bogʻlarida kezib yurgan oʻquvchilik yillarim men uchun qanchalar qadrli ekanligini yillar oʻtgan sayin anglab boryapman| Biz bir gala quvnoq qizaloqlar avvaliga darslarga biroz eʼtiborsiz boʻlib yurganmiz| Keyinchalik ustozlarning hurmatini qozonish ilinjida koʻproq kitoblar olamiga shoʻngʻib ketdik| Otam kelajagimni oʻylab, menga bildirmasdan radio hamda televideniye xodimlarini maktabimizga yuborganlar, ular meni imtihon qilishgan| U kishi meni kelajakda yaxshigina ijodkor boʻlishim haqida qaygʻurgan boʻlsalar ajabmas| Hash-pash deguncha, maktabni bitirganimni bilmay qoldim| Keyin oliygohga kirish uchun yoʻl oldim| Bu yorugʻ olamda nimani orzu qilgan boʻlsam hammasiga erishganman, desam mubolagʻa boʻlmaydi| Oʻzbekiston Milliy universitetining geografiya fakultetida tahsil oldim| Oʻqishni aʼlo baholarda tugatgach, magistiraturada oʻqidim| Bolalikda koʻzlarimda oltindek tovlangan zarhal bogʻlar olamini oʻrganishga kirishdim| Bugun oʻzim oʻqigan oʻsha ulugʻ dargohda talabalarga dars berayapman| Shu bilan bir qatorda Sergeli tumanidagi 6-sonli maktabda targʻibotchi boʻlib ishlayapman| Boʻsh paytlarimda Oʻzbekiston televideniyasining “Assalom Oʻzbekiston” dasturiga boshlovchilik qilish uchun izlanish olib boryapman| Targʻibotchilik faoliyatim davomida bir qancha ijodkor oʻquvchilarni kashf etdim| Respublika bolalar va oʻsmirlar nashri boʻlgan “Tong yulduzi” gazetasida ularning ijodiy namunalarini chop ettirib, oʻquvchilarimni ragʻbatlantirishdan tolmayman| Bahor har yili gullarini sochib kelganida qalbimni allaqanday bir orziqish oʻz domiga oladi| Hali juda koʻp ishlarni amalga oshirishim kerakligi haqida chuqur oʻyga tolaman| Oʻquvchi oʻgʻil qizlarimizga “siz bu yorugʻ olamda intilib yashashdan hech qachon tolmang”, degim keladi
Har bir bola: “Katta boʻlsam, falon kasbni egallayman, falon joyda ishlayman, mashhur boʻlib ketaman”, – deb orzu qiladi| Lekin nimagadir koʻpchilik orzusiga yetolmaydi| Bunga sabab esa
Bahor quyoshining iliqqina taftida maktabga ketar ekanman, yo‘l bo‘yi o‘rtoqlarim bilan stadi­onda koptok o‘ynash, do‘kondan ul-bul olib, bekatda yeb o‘tirish haqida o‘yladim| Sinfda o‘tirib, bolalarni xonasida birin-ketin kelishini kutdim| Galma-galdan hamma yig‘ila boshladi| Eng yaqin do‘stlarim — Nodir, Jasur, Akmallar ham eshikdan ko‘rindi| Faqat Sardor yo‘q edi| Darsga qo‘ng‘iroq chalindi, u hanuzgacha yo‘q| “Nima bo‘ldi ekan|” degan savol qiynardi meni| Tanaffus bo‘lishi bilan Nodir, Jasur, Akmallarni chaqirdim
Qish bo‘yi uyda o‘tiraverib zerikkanimizdan bahor quyoshi yilt etishi bilan bog‘ga yugurdik| Oldinda ketayotgan bolalar birdan “Jim”, degandek bir-birlariga ishora qilishdi
Men odamzod kushandasi bo‘lgan nemis- fashist bosqinchilarining yer  yuzidan  tamoman  supurib tashlanganiga 10 yil to‘lganda dunyoga kelgan ekanman| Esimni taniganimda esa insonlarning 1418  kunini tahlikaga solgan, har daqiqada ajal o‘z qiyofasini ko‘rsatib turgan bu mudhish tarix bizdan  birmuncha yiroqlashgan, odamlar ancha xotirjam  tortib, qayta tiklash ishlariga astoydil kirishgan   edi
Yana tabiatshunoslik darsi tashqarida o‘tadigan bo‘ldi| Biz yong‘og‘imiz tagidan talashib joy egallaymiz| Yaxshilab o‘rnashib olgach,  jim o‘tirib, uni kuzatamiz| Birinchi sinfga chiqqan kunimizni  yaxshi eslayman
Kunlardan bir kun Bir Ikkiga shunday dedi:
Bahorning ilk kunlari| Atrof yam-yashil| Kamronlarning  hovlisiga  yoqimli  chug‘urlab  qaldirg‘ochlar uchib keldi| Ular oldiniga  o‘tgan yilgi inlari atrofida   aylanib,  o‘zaro nimalarnidir maslahat qilishdi| Tumshuqlarida loy tashib in tashqarisida paydo bo‘lgan  tirqishlarni  to‘ldirishdi| Keyin xuddi me’morlardek  uzoqroqdan qarab  in atrofini tekshirishdi
Tog‘am Mehribonlik uyida oshpaz bo‘lib ishlardilar| Bir kuni men u kishiga ko‘maklashmoqchi bo‘lib, oyimdan ruxsat so‘radim| Darrov ko‘ndilar| Ishonasizmi, bag‘ritosh va to‘g‘ri yo‘ldan adashgan ba’zi qo‘shtirnoq ichidagi ota-onalar hatto uch yoshga ham yetmagan norasida go‘daklarini tirik yetim qilib, xuddi keraksiz buyumdek bu yerga tashlab ketishgan
Azizaning dadasi tug‘il­gan kunida ajoyib sovg‘a olib keldi| U sovg‘a  qu­tichani ochdi-yu:
O‘zimiz endi 7-sinf­da­miz-u o‘rtog‘im nu­qul boshini qotiradi| Ik­ki gapning birida katta bo‘lsam| Katta bo‘lsam| U kishim dam haydovchi bo‘lmoqchi bo‘ladilar| Zo‘r mashinalarni ko‘rganlarida-da, al­batta| Erta­si­ga birdan oshpaz bo‘l­gilari keladi| O‘sha kuni mak­tab­da oshpaz aka shirin kotlet, yo ular yaxshi ko‘radigan kar­toshka, gumma pishirgan bo‘ladilar-da| Rustam Qosimjonov chempion bo‘lganda-ku shaxmatchi bo‘lishni orzu qilib qolgandilar| Yaxshi kitob o‘qib qoluvdilarki, birdan yozuvchi bo‘lgilari kelib qoldi| Endi to‘xtang, og‘ayni, dedim u kishiga, ko‘pam besh panjangizni og‘zingizga tiqavermang| Yozuvchilikni bizga qo‘yib bering, dedim| Umringizda to‘rt qator she’r yozganmisiz| Yozmagansiz| Yo ikkita qofiyadosh so‘zni o‘zingiz mustaqil, hech kimning yordamisiz topganmisiz| Topmagansiz| Yo inshomizni tekshirib bering, deyishganida bitta bo‘lsayam xato topganmisiz| Beshinchida o‘qiydigan singlingiz qiqir-qiqir kula-kula beshta imlo  xato, to‘rtta vergul topgan| Mana biz, og‘ayni, yozuvchi bo‘lamiz, deb orzu qilsak yarashadi| Negaki, un­cha-muncha yozib tu­ramiz| Avvaliga shoirlarning she’rlarini “She’r daftari”mizga ko‘chirib mashq qilib yurdik| Roppa-rosa bir hafta avval birinchi sakkiz qator she’rimizni yozdik| G‘oz haqida
O‘sha kuni maktabga ancha barvaqt kelib qolibman| Vaqt o‘tkazish uchun bufetga kirdim| Qarasam, oldiga  bir lagan  “gumma”ni qo‘yvolib, qo‘shnim – mendan bir sinf yuqorida o‘qiydigan  Abdulloh o‘tiribdi
Yurtimizning Jizzax viloyatidagi Oyqor tog‘ida eng noyob hayvonlardan sanalgan qo‘ng‘ir va jigarrang ayiqlar yashaydi| Ular bir-birini hid bilish hissi yordamida topadi| Qo‘ng‘ir ayiqning hid bilish va eshitish qobiliyati kuchli| Daraxt tanasi va yirik butalarga ishqalanib, hidini qoldiradi| Bu belgilar hududiy nizolarning oldini olishda asqotadi
Sinfdoshlar – Jasur va Umidning orasidan qil o‘tmasdi| Jasur barchaning e’tiborida bo‘lgani uchun Umidning ko‘nglida unga nisbatan jinday baxillik ham bor edi| Shundanmi, nima bo‘ldi-yu, bir kuni
Qadim-qadim zamonda obod diyorni boshqargan bir qirol bo‘lgan ekan| Kunlarning birida u mamlakatning olis manzillaridan biriga yo‘l olibdi| Qirol  avvallari bunchalik uzoq yo‘l yurmagani va yo‘llar o‘nqir-cho‘nqir bo‘lganligi sababli oyoqlari zirqirab og‘ribdi| Sayohatga chiqqaniga pushaymon bo‘lgan qirol mamlakatdagi barcha yo‘llarni mo‘yna bilan qoplashni buyuribdi| Tabiiyki, buning uchun minglab molni so‘yishni va bu yaxshigina xarajatni talab etardi| Eng yomoni, bu chorvaning qirilib ketishiga  sabab bo‘lar edi| Shu damda qirolning bir dono mulozimi bu fikrning unchalik ham to‘g‘ri emasligini aytishga jur’at etibdi va debdi: “Podshohim, nima uchun siz shuncha ortiqcha xarajatga yo‘l qo‘ymoqchisiz| Undan ko‘ra, oyog‘ingizga shunday teridan maxsus kiyim tiktirsangiz bo‘lmaydimi|” Shoh dastlab hayronligini yashirmabdi va uzoq o‘yga cho‘mibdi| So‘ng bu maslahatning to‘g‘ri ekaniga ishonch hosil qilibdi| Aytishlaricha, bu voqea oyoq kiyimning ixtiro qilinishiga sabab bo‘lgan ekan
Qadimda bir kichik qishloqda Shohrux degan bolakay yashardi| U to‘polonchi, sho‘x, har kuni ko‘zining tagi ko‘karib kelardi| Qish kunlarining birida Shohrux o‘rtoqlari bilan tortishib qoldi| U o‘rtoqlariga “Qorbobo faqat ertaklarda bo‘ladi”, – deb qichqirar edi| So‘ngra o‘rtoqlariga Qorboboning yo‘qligini ishontirish uchun hech kimga aytmasdan ularni uzoq o‘rmonga boshlabdi
Bir Maymun kenja bolasi bilan yashardi| Ba’zan kenjatoyni o‘zi bilan tashqariga olib chiqar, gohida uyda yolg‘iz qoldirardi| Maymuncha esa hali o‘zini dushmanlardan himoya qilishni bilmasdi| Kunlardan bir kuni otasi unga eshikni hech kimga ochmasligini tayinlab, yegulik qidirib chiqib ketibdi
Buvim bilan o‘tirib bemalol nonushta qilgach dasturxonni yig‘ishtirgach qoqqani  hovliga chiqdim| Havo aynibdi| Oftob kulrang bulutlar  orasiga kirib ketibdi| Buni ko‘rib dilim xira tortdi| Qiziq, ob-havo nega odamning kayfiyatiga ta’sir qilar ekan-a, o‘yladim ichkariga kirayotib| Ko‘zim beixtiyor devordagi soatga tushdi| “Obbo, darrov 12 bo‘libdi-ya, maktabga ketish kerak”| Kiyinib yo‘lga otlandim
Iskandar sinfdoshi Olim bilan hech chiqisha olmaydi| Iskandar ancha qitmir| Darsdami, tanaffusdami – farqi yo‘q, kimgadir tegajog‘liq qiladi, kimgadir turtinadi| Shu sabab goh o‘qituvchilardan, goh sinfdoshlaridan tanbeh eshitadi| Shundanmi beozor, xushmuomala,  hamisha xushbichim kiyinib yuradigan Olimni ko‘rsa negadir g‘ashi kelar, “Hmm, qizbola|” deb g‘ijinib qo‘yardi
Farhodning oyisi yangi qurilgan tandirda yog‘li patirga qo‘shib shirin kulchalar yopdi| Tandirdan qaynoq nonlarni uzib, savatga soldi| Keyin biroz hovuri bosilgan kulchalardan birini olib kosadagi muzday suvga botirdi-da, boyadan beri tandir atrofida o‘ralashib yurgan o‘g‘liga tutqazdi| Yana bir qip-qizil bo‘lib pishgan kulchani sochiqqa o‘rashga tutindi
Mana,  ikki haftadir-ki, qishloqdamiz|  Tushungandirsiz| Mehmonlik hurmatimiz tugagan| Shuncha kun  bolam-bo‘tam qilib  silab-siypalagan, qo‘limizni sovuq suvga urdirmagan bobo-buvim ham bizga endi bemalol ish buyurishyapti|  Dadam eshitmasin-ku, qishloqda ish tugamaydi| Saharlab turib olma, nashvatining tagiga to‘kilganlarini teramiz| Zaxa yemaganlarini  karton qutilarga  joylab omborga tashiymiz| Chirigan,  qurt­lagan mevalarni to‘g‘raymiz-da, teshilgan, qiyshayib-qing‘ayib ketgan tog‘oralarga solib  molning oxuriga qo‘yib chiqamiz| Keyin  esa tomorqadan buvimning ta’biri bilan aytganda, “sho‘rlik yetimcha”, bizningcha esa yeb to‘ymas,   buzoqqa  qayta-qayta o‘t  yulib solamiz| Bu orada buvijonim tongda  qorib qo‘ygan  xamiri bir tog‘ora bo‘lib oshadi| Buvim  ayvonga yugurib chiqadilar-da xamir  yuqi  qo‘llarini silkitib  opam ikkimizni chaqirib, tandirga  olov  yoqishni  buyuradilar|  Men  tomorqaga  bog‘-bog‘ qilib choshlab qo‘yilgan g‘o‘zapoyalarni tandir yoniga  tashiyman| Opam olov yoqadi
Dilshod bilan Murod qadrdon do‘st| Ular bir sinfda tahsil oladi, birga dars qiladi| Har ishni birgalikda bajarishga intiladi
Gulnoza juda tortinchoq, muomalaga tez kirisholmaydi| Ammo Nasiba samimiy, ko‘ngli ochiq bo‘lgani uchunmi, ularning sinfiga yaqinda kelgan bo‘lsa-da, Gulnoza bilan tez til topishdi| Yaqinda Nasibaning tug‘ilgan kuni| Gulnoza ham barcha sinfdoshlari qatori tug‘ilgan kunga taklif qilingan
Otam daraxt ko‘pligidan deyarli bog‘ga aylanib bo‘lgan tomorqamizda o‘t  o‘rayotgandi| Men otamning harakatini zavq bilan kuzatardim| Shu lahzalarda onam ish buyurib takror-takror chaqirsalar ham  bog‘dan jilgim kelmasdi| Buni payqagan otam menga kulimsiragancha onam tomonga ovoz berdi: – Qo‘yaver, bolang menga qarashyapti| Aslida, esa otam har safar dam olishga o‘tirganida o‘roqqa qo‘l cho‘zsam: “Tegma unga, qo‘lingni kesib olasan”, deb jerkib berardi| Bu gal ham oldin koyidi, keyin xafa bo‘ldi, deb o‘ylab: “Sening vazifang – gapirib turish, men shundan quvvat olaman”, dedi
Men yoz faslini yaxshi ko‘raman| Nega deysizmi| Chunki ta’tilga chiqamiz-da| Men har yili yozgi ta’tilda qishloqqa, ya’ni tog‘amlarnikiga borishga oshiqaman| Agar bilsangiz, shaharning eng suluv joylari ham qishloqning musaffo havosi yo‘g‘rilgan tabiatiga teng kelolmaydi| Xullas, ming marta eshitgandan bir bor ko‘rgan yaxshi| Shu kabi o‘ylar bilan yo‘lda ketarkanman buvijonimning “Keldingmi-a, nabiraginam| Qachon kelarkansan, deb ko‘zlarim to‘rt bo‘lib ketdi-ku, bolajonim”, deya quchoq ochib turishi xayolimdan o‘tdi| Menga hammasidan ham tog‘amlarning jiydazoridan oqib o‘tadigan toshloq daryo yoqardi| U yerda biz qishloq bolalari bilan mazza qilib cho‘milardik| O‘tgan yili o‘sha daryo bo‘yida Bilol ismli bir bola bilan tortishib qolib, boshini yorib qo‘yganim esimda| O‘shanda rosa qo‘rqib ketgandim, ustiga-ustak buvimdan yaxshigina kaltak ham yegandim| Ana o‘sha voqeadan so‘ng, buvim meni jiydazorga yubormay qo‘ygandi| Keyinchalik ze­ri­kib qolganimni ko‘rib, qo‘­limga ertak kitob tut­qazdi| Oldiniga buvimni yo­mon ko‘rib ketdim| Ishonasizmi, ertaklarni o‘qiy boshlagach o‘zim bilmagan holda voqealar  ichiga kirib ketganman| O‘ziyam juda qiziqarli kitob edi-da
Toshkent halqa yo‘lining qarama-qarshi tomonida uzundan uzoq masofani egallagan Zangiota tumanida kattagina hovlimiz bor| Hovlida barcha oila-a’zolarimizga yetib ortadigan ish topiladi| Xuddi  anavi  “Suyunchi” badiiy filmidagidek “Shermat, suv olib kel”, “Shermat, o‘tin yor”, “Shermat, mollarga yem ber” kabi uy-ro‘zg‘or ishlari, tirikchilik tashvishlari bilan bo‘lib, maktabdagi darslarim ham haligidek| Lekin, yaqinda futbol bo‘yicha tuman musobaqasida maktabimiz komandasi g‘olib bo‘ldi-yu, birdan Zokir ismim – mashhurga aylanib ketdi| Qanday qilib deysizmi| Omadim kelib, o‘yin tugashiga oxirgi daqiqalarda darvozaga golni men urib qo‘yibman-da| Ana g‘alaba-yu,mana g‘alaba
Atrof jim-jit| Quyosh­ning zarrin nurlari butun bor­liq bo‘ylab tarala boshladi
Bahor| Yomg‘irli kunlar| Shahnoza dera­zadan yomg‘ir yog‘ishini tomosha qilyapti| “Eh-h, yomg‘ir tezroq tugay qolsaydi, o‘r­toqlarim bilan mazza qilib o‘ynardik”, – deb xo‘rsindi u| Nihoyat yomg‘ir tindi|  Bulutlar ortidan quyosh ko‘rindi| Shahnoza yugurib oshxonaga onasining oldiga bordi
“”
Qoravoy laqabli echki doim podadan qochib  ketar, o‘tlab yurganida bironta poliz yoki tomorqaning yonidan o‘tib qolsa, g‘ov-to‘siqlardan ham osongina sakrab o‘tardi-da,  ichkariga kirib, sabzi, karam, lavlagilarni yeb, yeyishga ulgurmaganlarini toptab tashlardi|  Qoravoyning bunaqangi qilig‘idan so‘ng dehqondan rosa gap eshitgan cho‘pon bola uzun kaltagi bilan shumtaka echkini rosa kaltaklardi| Bir kuni kaltak zarbi uzun-uzun junlaridan ham o‘tib, tanasini qaqshatgan Qoravoy cho‘pondan arazlab  o‘rmonga qochib ketdi
Anvarning matematika faniga xushi yo‘qroq| Yozma ish o‘tkaziladigan  bo‘lsa, bir parcha qog‘ozga “Men sening do‘stingman” deb yozib bilimdonlarga jo‘natadi| O‘tgan safar daftari uyda qolib ketgani uchun dars oxirigacha tik oyoqda turdi| Dars so‘nggida “Ustoz, uy vazifasini keyingi safar, albatta, bajarib kelaman, “o‘g‘il bola gap”, deb so‘z berdi
Bir ariqchadan toza, tiniq suv oqib bog‘-u rog‘larni sug‘orar, atrofdagi o‘simliklarga hayot baxsh etarkan| Bir kuni ko‘chada o‘ynayotgan bolalar ariqqa axlat tashlab, uni iflos qilishibdi| Suv bolalarning bu ishidan xafa bo‘lib, tepadagi katta ota ariqqa aytib beribdi| Ariq bobo ariqchaga boshqa suv bermay qo‘yibdi| Oqibatda ariqcha bo‘yidagi daraxtlar, o‘simliklar sarg‘ayib, qurishni boshlabdi| Buni ko‘rgan odamlar o‘ylanib qolishibdi| Mo‘ysafidlar uni sababini bilmoqchi bo‘lib suv boshiga, Ariq boboning oldiga borib:
Deraza tokchasidagi sopol tuvakka ekilgan Piongul xonaga o‘zgacha tarovat baxsh etar edi| Gul o‘sib kattalashgach, tomirlari tuvakka qisilib, yaxshi o‘sa olmay qolibdi
Kolya bilan Vanya ko‘chada egasiz yurgan katta, qop-qora itni ko‘rib qolishdi| Itning o‘ng oyog‘i yaralangan, ko‘zlaridan joni qattiq og‘riyotgani sezilib turardi| Bolalar uning yoniga borib, boshini silashdi, oyog‘iga qarab achinishdi va unga bir joy topib g‘amxo‘rlik qilishga kelishib olishdi| Ikki o‘rtoq kundan-kunga tetiklashib, tuzalayotgan itga Juk deb nom qo‘yishdi
“”
Firdavslarning  hovlisidan ariq oqib o‘tadi| Shundanmi, dadasi hovlida o‘rdak boqadi| O‘rdaklar tuxumini shundoq qirg‘oqqa qo‘yadi
Bobom va enamdan bo‘lak  hamma meni “sen – quloqsiz bola”, – deydi| Uyda oyimning topgan gapi faqat shu: “Sen bola, buncha quloqsiz bo‘lmasang-a, qachon bundoq odamga o‘xshab gapga tushunasan| Senga bir gapni uqtirguncha esim og‘adi|” Maktabda esa o‘qituvchim: “Sen quloqsiz bolaga bir nimani gapirganimdan ko‘ra, devorga aytganim ming marta afzal|” – deya  koyigani koyigan| Ularning hadeb “sen quloqsiz”, deyaverishlaridan bezorim chiqib, o‘zimni har kuni oynaga solib ko‘raman, – ikki qulog‘im ham o‘z joyida
“”
Qish boshlanishidan darak berib, izg‘irinli kuzak shamoli esardi| Ustiga-ustak maydalab yog‘ayotgan yomg‘ir shiddati kuchayib, sovuq tomchilar shahardan uyga qaytayotgan Ravshanning yuziga urilardi| Usti shalabbo bo‘lishidan cho‘chigan bola tez-tez yurib  uyiga kirib olishga shoshildi| Kichik temir darvozani ochib, hovliga kirgach ajablandi| Hamma joy zim-ziyo edi| “Qishloqda chiroq o‘chganmikin” degan xayolga bordi| Kasalmand onasi nima qilayotgan ekan| Ravshan ayvondan ichkariga kirishi bilan  birdan chiroq yoqilib tantanali ovoz-u qarsaklar yangradi
“”“”“”“”“”“”“”
Qoʻshni uyda yashovchi Rahmatulloh bilan yaqin doʻstmiz, qadrdon boʻlib ketganmiz| Bir kuni u bilan tong saharlab azbaroyi nima qilishni bilmaganimizdan, kattagina taxta boʻlagidan nimadir yasayotgan paytimiz “taq-taq” degan ovozdan hovlidagi supada uxlayotgan dadam uygʻonib ketdi| Koʻzlarini chala ochib:
Oʻgʻilchaga tanbeh berildi| Ayni tushlik paytida: “Noningni dasturxon yonida ye| Toʻpingni keyin oʻynaysan|”
Yakshanba, yaqindagina koʻchaga oʻynagani chiqib ketgan Akmaljon hovliqqancha hovliga qaytdi
Sardor qoʻylarini qirning kungay tomoniga haydadi| Tabiatdan zavqlanib, koʻm-koʻk maysa ustiga choʻzildi| Bir oz yotgan edi hamki, iti qoplonning qattiq hurgani, qandaydir jonivorning gʻingshigani eshitildi| Boshini koʻtarib qaradi| Itining oyogʻi ostida tulki bolasi yotardi| Sakrab turib uni itining hamlasidan qutqardi| “Onasini yoʻqotib qoʻygan shekilli”, oʻyladi Sardor| Tevarak-atrofni sinchiklab koʻzdan kechirdi| Yaqin oʻrtada tulkining ini koʻrinmadi| Kech tushguncha onasi izlab kelsa, qoʻyib yuboraman, deb kutdi| Ammo ona tulkidan darak boʻlmadi| Tulkivachcha hali juda kichik| Ov qilib, qorin toʻydirolmasligi koʻrinib turibdi| Kun botganda tashlab ketsam, itlar burdalab tashlashi yoki ochlikdan oʻlib qolishi mumkin, deb oʻylab tulkivachchani koʻtarib uyiga joʻnadi
Bu voqea ancha yillar oldin men yashagan chekka qishloqda sodir boʻlgan| Yozning issiq kunlari qishlogʻimizda suv kamayib ketardi| Bu esa odamlarga anchagina tashvish keltirardi| Tong sahardan yarim tungacha quduqlar atrofidan odam arimasdi| Hatto suv tugab, chelaklar qop-qora loyga belanib chiqqan paytlarni ham koʻrganman| Yosh bola boʻlsam ham odamlarga qanchalik qiyinligini oʻzimcha his qilar, suvsizlikdan zorlanib, moʻltirab turgan qoʻy-qoʻzilarni, sigir-buzoqlarni koʻrib, ich-ichimdan achinardim| Bir qultum boʻlsa ham ularga suv bergim kelardi| Bunday rahmdilligim uchun onamdan bir necha bor dakki eshitganim hamon esimda
Oʻrtoqlari bilan oʻynab qaytgan Firdavs buvisining yoniga bordi| Buvisi gulzordagi rayhonlarning urugʻlagan shoxlarini qaychilab tashlayotgan ekan
Issiq yoz kunlari edi| Toʻrt yashar Baxtiyor adasi bilan togʻasinikiga ketayotgan edi| Yoʻlda ular juda chanqashdi| Adasi mashinasini toʻxtatgach, choyxonaga kirishdi| Choyxona anhor yoqasiga tushgan boʻlib, nariroqda katta koʻprik qurilayotgan edi| Baxtiyor choy sovuguncha oʻsha yoqdan koʻzini olmay, tomosha qilib oʻtirdi: buldozer olamni buzib guldurar, katta samosvallar beton keltirib agʻdarardi| Yuk kranlari uzun-uzun temir toʻsinlarni koʻtarib, anhorning ikki chekkasida tiklangan semon qoziqlar ustiga yotqizardi| Bir-ikki kishi chap qoʻllaridagi qora oynakli hokandozsimon narsani yuzlariga tutib, oʻng qoʻllaridagi elektr simlariga ulangan narsani temirlarga tekkizar, atrofga uchqun yogʻdirardi
Olis sayyorada
Bolalarga oromgoh juda yoqdi| Havosi toza, atrofi togʻ, hamma yoq yam-yashil maydon| Ammo, aynan shu oromgohning yana bir oʻzgacha tomoni bor edi| Bu yerdagi dam oluvchilar ota-onasidan olgan pulga doʻkondan hech narsa xarid qila olmas, biroq pulni oʻzlari ishlab topishlari mumkin edi| Qanday qilib deysizmi| Turli musobaqalarda gʻolib boʻlib-da| Ona tili, rus, ingliz tili, matematika boʻyicha oʻtadigan musobaqalarda hamma oʻz bilimini koʻrsatib yuqori oʻrin olar, ayniqsa sport musobaqalari fan tanlovlaridan ham taassurotga boy boʻlardi| Albatta, har bir ishtirokchi gʻolib boʻlishga intilardi| Jamoa bilan oʻynaganda esa gʻoliblarga topshiriladigan pul har bir jamoa aʼzosiga bir xil taqsimlanardi| Jamoa sportida yugurish, sakrash, velosipedda manzilga eng tez yetib kelish musobaqalari joy olgan boʻlib, soʻnggisi – velosipeddagi poyga edi
Kuz kunlarining biri| Erta tong| Nonushta qilib boʻlgandan soʻng, dadam ishga, ukam oʻqishga ketdi| Onam uyda qoldilar| Dadam ketar chogʻlarida bogʻga borib, sigirlarni oʻtloqqa bogʻlab kelishimni aytdilar| Bogʻimiz uyimizdan uzoqroqda boʻlgani sababli, velosipedda borardim| Darvozadan chiqayotganimda, kichik xaltachadagi ozgina chiqindiga koʻzim tushdi| Bogʻimizga boradigan yoʻldagi chiqindixonaga tashlab ketaman, degan oʻyda uni velosiped yukxonasiga soldim| Biroq velosiped haydashga berilib ketib, chiqindini tashlash yodimdan chiqibdi| Bogʻga baland tepalikdan tushardik| Ana shu tepalikning yonginasida ham chiqindi chuquri bor| Qoʻlimdagi chiqindini chuqurga tashlab, ustidan gugurt chaqib, bogʻga tushib ketdim| Sigirlarni oʻtlatayotganimda chuqurdan olov chiqayotganini koʻrib yugurib bordim| Ne koʻz bilan koʻrayki, butun bir tepalik gurullab yonardi| Hecham bunaqa shiddatli yongʻinni koʻrmaganman| Shu desangiz, olov tepalik boʻylab yugurib-yelyapti| Oxiri koʻrinmaydi
“”, “”“”“”
Akrom birinchi sinfda oʻqiydi| Oʻqish darsida ustoz Muhayyo Joʻraevna uni doskaga chaqirdi| Akrom kecha kun boʻyi telefon oʻynab, sheʼrni yaxshi yodlamagan edi| Xohlamaygina oʻrnidan turib, ustozning stoli yoniga bordi
Jonga tegdi shu matematika| Hozir dars boshlanadi, keyin oʻqituvchi kirib, bemaʼni misollarni yechtiradi| Shu darsga kirmasak-chi, Mirjamol, – dedi Elyor
Firdavsga adasi chiroyli loklangan qora tufli olib berdi| Firdavs tuflini uyoq-buyogʻiga qarab, rosa suyindi| Yomgʻir tinishi bilan yangi tuflini kiyib koʻchaga otlandi
– Bobojon, sinfdoshim Jasur katta bolalarga qoʻshilib nos chekar ekan| Shu haqida oʻqituvchimizga aytsam, chaqmachaqar boʻlib qolmaymanmi| Oʻzi odamlar sigaret, nosvoyni nega chekishadi| Axir turgan-bitgani sogʻliqqa ziyon boʻlsa| Mana, siz balki nos chekmaganingiz uchun ham sogʻlom, tetikdirsiz, – dedi Nazokat supada choy ichib oʻtirgan bobosiga kuyib-pishib| Bobosi unga qarab jilmayib qoʻydi-da, piyoladagi choyni ohista hoʻplab, hikoyasini boshladi:
Laziz 4-sinfda oʻqiydi| Odobnoma darsida oʻqituvchi “Bir danakda butun bir bogʻ uxlab yotadi” mavzusini oʻtgach, bolalarga yuzlanib:
Men oʻqiyotgan gimnaziyada ustozlar anchagina qattiqqoʻl edi| Ular bizga birorta darsni qoldirishimizga ruxsat berishmasdi| Gimnaziyada oʻquvchilar birdan beshgacha boʻlgan ball asosida baholanardi| Men gimnaziyaga kelganimda atigi yetti yoshda edim| U yerdagi tartib-qoidalarni, darslar qay tarzda oʻtilishini bilmas edim| Shuning uchun boʻlsa kerak gimzaniyada oʻtgan dastlabki uch oy men tuman ichida yurgandek edim
Osmonda qora bulutlar suzardi| Birdan sharros yomgʻir quydi| Yoʻlda oqib ketayotgan yomgʻir inson koʻz yoshiga duch kelibdi
Bir kuni Sen bilan Siz bahslashib qolishibdi
Islombekka adasi koʻrinishi judayam xunuk – qop-qora yopishqoq oʻrgimchak oʻyinchoq sovgʻa qildi
Baland gʻishtin qoʻrgʻonning ikki tabaqali keng, qoʻngʻirtus darvozasi lang ochiq| Xizmatkorlar rango-rang bezatilgan otlarni yetaklab chiqishyapti| Maktabdan qaytayotgan Temurbek padari buzrukvorining qayoqqadir otlanayotganini darhol sezdi| “Otasining tashvishlari koʻp| Xon yoʻqlagan yoki biror bek toʻyga chaqirgan, balki biror choʻponning boshiga tashvish tushgandir| Padari buzrukvori yetib bormasa, ul bechora chorasiz qolib, gʻam-anduhga botadur”
Avvallari boʻlar-boʻlmasga xarxasha qiladigan Sodiqjon bogʻchaning katta guruhiga oʻtdi-yu, oʻzgardi-qoldi| Yurish-turishida ham, gap-soʻzida ham bosiq, muloyim bolaga aylandi| Uydagi hamma ishda – hovlilarni supurib-sidirishda, idish-tovoqlarni yuvib qoʻyishda oyisining yaqin yordamchisi boʻldi| Kecha boʻlsa qilgan ishi bilan hatto dadasini ham quvontirib yubordi| Bu kichkina bola kattalarni quvontiradigan qanday ish qilibdi deysizmi| U hovlidagi kichkina tomorqalarni agʻdarib chiqdi| Agʻdarganda ham koʻrgan koʻzni quvnatadigan qilib biram tekis agʻdardi
Sobirjon qoʻshni Rahima xolalarnikiga kirdi-yu, hayron qoldi| Katakdagi besh-oltita tovuq tinmay qaqagʻlardi
Avtobus liq toʻla odam| Bekatda oldi eshikdan bir qariya-yu tuguncha koʻtargan kampir chiqdi| Ikki-uch bekat yurmay yoʻlovchilar ularni avtobusning oʻrtasigacha surib olib borib qoʻyishdi
– Oyijon, bugun ota-onalar majlisi, borasiz-a, – oila aʼzolari dasturxon atrofida jamuljam oʻtirishganida eslatdi Murodjon
Yaqin oʻtgan zamonda, bilmam qaysi tomonda, ahil bir xonadonda kompyuter bilan sichqoncha juda inoq yashashar ekan| Ammo qahramonimiz boshqalarga oʻxshamagani uchun baʼzan xafa boʻlib qolarkan
Firdavs aslida yomon bola emas| Biroq sal dangasaroq yoki uyquchiroq| Darsga doim kech qoladi| U hozir ikkinchi sinfda oʻqiydi| Ammo hanuzgacha biror marta ertalab uyqudan oʻzi uygʻonmagan| Har kuni ertalab oyisi xonasiga kirib:
Ertalab barvaqt uygʻonib, yuz-qoʻlimni yuvgach, atrofga razm solaman| Men bilan baravar uyqudan turgan akam, ukam, singlim oʻz yumushlari bilan band| Bir vaqt ombordan oʻrtancha akamning ovozi eshitildi:
Ikki kundan beri tinim bilmay yoqqan qor butun atrofni oqlikka toʻldirdi| Daraxtlar oppoq libos kiyib olgandek, barglar yerga toʻshalgan qalin oppoq gilam – bularning barchasi moʻjizaning oʻzginasi edi
Har yili yangi yil arafasida intiq kutganimiz oppoq qor bu mavsum noyabr oʻrtasidayoq yogʻib berdi| Kutilmaganda boʻralab yogʻgan qor koʻpchilikni shoshirib qoʻydi| Ertasi kuni ertalab derazadan qor qoplagan hovlimizni zavq bilan tomosha qildim| Oqlikni, soflikni, toza havoni sogʻingan koʻnglim togʻdek koʻtarildi| Koʻzlarim qish manzarasiga tikilib toʻymasdi| Shu payt hovlining oshxona derazasiga yaqin boʻlgan qori kuralgan asfalt qismiga bir narsa taq etib tushdi| Nima ekan deb sinchiklab qarasam, yarimta yongʻoq boʻlagi ekan| Ha, birorta qushning ogʻzidan tushib ketgan boʻlsa kerak, deb yana hovlidagi qor qoplagan dov-daraxtlarni, deraza oldidagi oppoq bezangan archani kuzatishda davom etdim| Bir payt tim qora katta qargʻa hovlining yuqori qismidagi uyimiz tomiga kelib qoʻndi| Buncha qora boʻlmasa, deb oʻyladim unga hayrat bilan tikilib| Qargʻa atrofga bir-ikki qarab oldida, uchib kelib haligi – yongʻoq tushgan joydagi uzum soʻrisiga qoʻndi| Sinchkov koʻzlari bilan uyoq-buyoqqa tikildi| Xavf yoʻqligiga ishondi shekilli, yerga tushdi, tumshugʻi bilan yongʻoqni olib uchib ketdi| Qargʻaning aqlini qara-ya, dedim hayron qolgancha oʻzimga oʻzim va bir paytlar eshitganim yodimga tushdi: qargʻalar yongʻoqni chaqish uchun yerga tashlashar ekan
Buyuk mutafakkir Saʼdiy Sheroziyning “Boʻston” asaridagi:
Halima sinfga kirib kelganda oʻzaro gaplashib turgan qizlar birdan jimib qolishdi| Salomiga alik ham olishmadi| U parta oralab ikkinchi qatordagi joyiga borib oʻtirayotganida:
Gulnoza tabiatan shoʻx, shaddod qiz boʻlishiga qaramay, hamma fanlardan aʼlo bahoga oʻqiydi| Nogoh biror fandan toʻrt baho olib qolsa bormi| Qovogʻini uyib, arzimagan gapga ham yigʻlab, uydagilarning koʻnglini xira qilib oʻtiradi
Sanjar tong saharda, hali oʻrnidan turmasidan ayvonda onasining zarda bilan aytgan gaplari qulogʻiga chalindi:
(“Bolalikka sadoqat” qissasidan)
Kecha kech yotganimdan ertalab dadamning gaplarini zoʻrgʻa ilgʻadim| “Bugun dalaga bormaysan| Qoʻqondan buving keladi| Ayang bilan kutib olinglar, men kechroq kelaman| Omon qassobdan goʻsht olib kel| Dadam aytdi, berasiz ekan, suyagi boʻlsa kerakmas, degin”| Bu gaplarni eshitdim-u, xoʻp dedimmi yo deyishga ulgurmadimmi, uxlab qoldim| Tursam, soat allamahal boʻlibdi| Uxlayverib, qovoqlarim ham shishib ketibdi| Dadamning aytganlari yana qulogʻim ostida jarangladi| Avvaliga, tushimda dadamni koʻrdimmi, deb oʻyladim| Ayamga aytganimda esa, “Bu tush emas, ertalab dadang tayinladi-ku| Koʻp uxlashni oqibati shu-da| Oʻnging bilan tushingni ajratolmayapsan”, – deb koyidilar| Biroz izza boʻldim-u, lekin quvonchim kayfiyatimni koʻtarib yubordi| Nahotki, buvim kelsa| Ura-a-a| Ana endi bugun Qoʻqon patir, turshak, perevalning qurutidan yeymiz| Agar oʻnta qurut boʻlsa, oʻn kun yeyman| Patirni ham oʻnga boʻlib qoʻyaman| Har kuni maktabga olib borib, sinfdoshlarimga koʻz-koʻz qilib maqtanaman| I-ye, toʻxta-toʻxta| Yana kinna kirib qolsa-chi, undan keyin, maqtanish ham yaxshi emas| Mayli oʻnga boʻlmay, bir kunni oʻzida hammasini yeyman| Shunda yaxshi boʻladi
Gulhayoning buvisi juda bilimdon, ilmli ayol| Nabiralariga ham juda mehribon| Qaysi nevarasi nima soʻrasa, erinmay javob beradi
– Ayajon, gulzorni oʻt bosib ketibdi, – dedi Abduazim hovliga kira solib
Anvar dakang xoʻrozini uyidagi barcha jonivorlarga qaraganda yaxshi koʻradi| Uyida esa ola-bula baroq mushukdan tortib, laycha it-u qoʻy-qoʻzi, ot va sigir-buzoq bor
Yozgi taʼtilda dadam meni Yangiqoʻrgʻonga – amakimnikiga olib bordilar| Darvozadan ichkariga kirishim bilan kichkinagina it gavdasiga nisbatan ikki barobar yoʻgʻon ovozda akillab qarshi oldi| Qoʻrqqanimdan dadamga yopishdim| Ichkaridan chiqib kelgan amakimning toʻngʻich oʻgʻli Bahodir aka kulib:
Dadam – Abdulla Qodiriy bizni xoh oilada, xoh tashqarida boʻlsin zimdan kuzatib turar edilar, lekin sira quruq nasihatgoʻylik qilmas, yoʻrigʻi bilan ikki ogʻiz maʼnoli gap aytar, shuning oʻzi bizga “ham oshlik”, “ham nonlik” boʻlar edi
Gazeta topshirigʻi bilan “Samarqand darvoza” mavzesidagi bolalar uyiga borgandim| Egri-bugri koʻcha boʻylab manzilga yetarkanman, nariroqda bolalarning uymalanayotganiga koʻzim tushdi| Bir bogʻning eski devori tagida bolalarning birlari egilib, boshqalari ularning ustiga chiqib, devor osha moʻralashayapti
Keling, avval oʻzimni tanishtiray| Ismim Izzat| Familiyam Oqilov| Matematika fakulteti talabasiman| Ha, ha oʻsha siz qiyin hisoblagan fan menga juda yoqadi| Bejizga “Matematika – fanlar otasi” deb aytishmagan| Sizga aytsam, bu fanga qiziqishimga bir voqea sabab boʻlgan| Balki bu voqea sodir boʻlmaganida oliygoh eshigini ham koʻrmay, hozir qayerdan ish topishni bilmasdan yurgan boʻlarmidim
Atanurning tush koʻrib, uygʻonganini anglagan xolasi soʻradi:
Bugun tongdan yaxshi kayfiyat bilan uygʻondim| Qushlar sayrab, tongni olqishlayotganga oʻxshaydi| Zinadan tushayotib, shipdagi chiroqqa koʻzim tushdi| Atrofini arilar oʻrab olishibdi| Juda jahlim chiqdi| Keyin oʻzimga-oʻzim arilarga qarab, “hali senlarnimi| qarab turlaring, koʻrsatib qoʻyaman| Oʻzingni uyingday kerilasan”, dedim-da, nima qilishni oʻylay boshladim
Shifokorlar oyimga parhez sifatida quyon goʻshtini tavsiya qilgani uchun Farhod amakim bizni toqqa – quyon oviga olib chiqdi| – Koʻproq butalar tagiga qarab yuring| Jonivorlar qishda jingʻil, yulgʻun, saksovullarning shox-shabbasi va butalar poʻstlogʻi bilan oziqlanadi, – dedilar amakim
Togʻ tarafga ovga chiqqan kishini eng avval, jarchi qush – Toshteshar kutib oladi| Ular togʻda unchalik koʻpmas| Biroq har biri minglab togʻ jonivorlarini kelayotgan xavfdan ogohlantirib, asrab qolishga qodir| Bu qushlar oʻz uyalarini odam chiqa olmaydigan qoyatoshlar yuziga tandircha shaklida uradi| Jussasi chumchuqdan kattaroq, olaqanot bu qushchaga xudo ovozdan bergan| U ovchini koʻrishi hamon niyatini anglab, tumshugʻini toshga tirab, shunday chirillab beradiki| goʻyo tinimsiz jiringlab, uygʻonmaguncha qoʻymaydigan azon soatining oʻzi| Siz ketmaguningizcha u ham joyidan jilmaydi| Goʻyoki jar solib, sakrab-sakrab togʻ-u toshni, chor atrofni uygʻotib yuboradi| Siz bir amallab narigi soyga oʻtib olsangiz, toshteshar oʻsha yoqda ham hozir-u nozir| Oʻzini togʻ tinchligi posboni deb hisoblaydigan Toshteshar tushmagur daralarni jaranglatib, toʻxtovsiz, joningdan umiding boʻlsa, qochib qol, deganday nogʻora chaladi, dovul qoqadi| Ofat lashkarini quvgʻin barot qiladi| Uning sehrli ovozidan suvsar-u kakliklar, tulki-yu tovushqonlar, hatto burgut-u boʻrilar, arxar-u togʻ takalari – hammasi birdek xavfdan ogoh boʻladi| Oʻzini panaga oladi| Beminnat xabarchi qush esa, shundan keyingina xotirjam iniga kiradi
Yangi qurilgan uyimizga onam keldi| Oʻtirgach, “Muborak boʻlsin, shu uyda tup qoʻyib, palak yoygin”, deb duo qildilar| Keyin asta atrofga razm solib, bir nima qidirganday boʻldilar
Bahrom bugungi darsda “2” baho oldi| Oʻqituvchi uning kundalik daftariga qizil siyohli ruchkada “2” baho qoʻydi va jimjimador qilib, imzo chekdi| Bahrom bir “uf” tortdi-yu, sekin joyiga borib oʻtirdi
Qishning qahraton kunlaridan birida menda ajoyib gʻoya tugʻildi| Boshpanasiz va sovuqda izzillab yemish izlaydigan qushlar uchun in qurib berish| Men tushdan keyin oʻqiyman, darslar tugagandan soʻng uyga kelib, gʻoyamni dadamga aytdim-da, yordam berishlarini soʻradim
Televizorda futbol boʻlish-boʻlmasligini Samad otasining xatti-harakatiga qarab biladi: agar otasi kechki taomdan soʻng yarmini kattakon chizma stoli egallagan chogʻroqqina xonasiga kirib ketsa, demak futbol yoʻq – bemalol multik koʻrishi mumkin| Agar televizor qarshisidagi yumshoq kresloga yastanib oʻtirib olsa| Tamom
Tuni bilan rosa qor yogʻdi| Ravshan bobo tongda hovlidagi qorlarni kurab, bir yerga uyub qoʻydi
Nasiba choyini apil-tapil ichgancha maktabga yugurdi| Lekin yoʻl chekkasida yotgan koʻzlari maʼyus kuchukchani koʻrdi-yu taqqa toʻxtadi
Gulnora xolaning uyida kattagina kutubxona bor| Chunki u har gal bozorga tushganida bolalariga shirinliklarga qoʻshib bitta yoki ikkita badiiy kitob ham olib keladi| Xolaning oʻgʻillari Nortoy bilan Norboy qizlari Gulmira va Naziralar boʻsh vaqt topdi deguncha kutubxonalariga kirib kitob oʻqishga tutinishadi| Chunki Gulnora xola olib kelgan kitobini avval oʻzi oʻqib oladi-da, qiziq-qiziq joylarini gapirib farzandlarining eʼtiborini jalb qiladi| Bolalarning sinfdoshlari ham biror kitob kerak boʻlsa, eng avval ulardan soʻrashadi
Salom, doʻstim| Yana oldingga keldim| Esingdami, seni koʻchadan topib olganimda hali sutdan chiqmagan kuchukcha eding
Birinchi oʻzbek professori, yozuvchi, olim|Gerodot asos solgan fan|Algebra fani asoschisi, oʻrta asr olimi|Bilim olish|Oʻzbek adabiyotining atoqli olimi|Yangi usuldagi maktablar uchun darsliklar yozib qoldirgan maʼrifatparvar|“Olti tilli lugʻat” tuzgan namanganlik tilshunos olim|Bilim berish, malaka hosil qilish jarayoni|Atoqli oʻzbek faylasuf olimi|Shoir, Oʻzbekiston Qahramoni|Husayn Boyqaro saroyida muallimlik qilgan adib, “Nodir voqealar” asari muallifi|Ijod ahli ustoz deb biluvchi oʻzbek shoiri, mutaffakkir|Mumtoz ashula va maqomlar ijrochisi, Oʻzbekiston xalq artisti|Eng birinchi darslik
Nodir – oilada kenja oʻgʻil| Shu damgacha kenjatoy – erkatoy hisoblab kelyapti oʻzini| Tunov kuni bozorga tushib, qoʻyarda qoʻymay onanga yangi koʻylak oldirdi| Koʻylak soʻnggi urfda, yangi chiqqan matodan jimjimador qilib tikilgan edi| Maktabga kiyib borganda, unga nafaqat bolalar, hatto qizlar ham suqlanib qarashdi, ularning havasi kelganidan oʻzi ham zavqlandi| Uyiga kelib, shu haqda gapirib bergandi, onasi unga:
Shunday dugonam borligidan faxrlanib yuraman| Dildorani aytaman-da, oʻta ziyrak, aqlli, hushyor qiz| Gapimning isboti uchun ingliz tili darsida boʻlgan bir voqeani soʻzlab beraman
Biz yozgi taʼtilni Ergashning dadasi choʻponlik qiladigan Zovboshida oʻtkazdik| (Zov – tik qoya, baland jarlik yoki chuqur dara degani)| Men togʻda koʻp daralarni kezganman, lekin Zovboshidek oʻziga xos ajib manzarali joyni hech qayerda koʻrganim yoʻq
Odamning ich-ichidan sevgan, yoqtirgan bir asari, hikoyasi, ertagi boʻladi| Menga negadir tarixiy mavzudagi asarlar yoqadi| Balki bu mening dunyo taraqqiyotiga yuksak xissa qoʻshgan ajdodlarim hayotiga, yurtimiz oʻtmishiga boʻlgan qiziqishim tufaylidir| Ana shunday asarlardan biri shox va shoir temuriy sarkarda Zahiriddin Muhammad Bobur haqidagi “Yulduzli tunlar” romani| Oʻzbekiston xalq yozuvchisi Pirimqul Qodirovning bu asari har doim stolim ustida turadi| Boʻsh qoldim deguncha uni varaqlagim, buyuk vatandoshim taqdirini oʻrgangim kelaveradi| Mohir yozuvchi Pirimqul Qodirov bu asarni juda katta mehr va mahorat bilan yozgan| Uni oʻqir ekanman oʻrta asrlardagi Movoraunnahr, Andijon, Ahsi, hatto qadimiy Shosh koʻz oldimda bor boʻyi basti bilan gavdalanadi| Yurtimning oʻtmishda ham baʼzi soxta tarixchilar taʼriflagandek gʻarib emas, aksincha gullab yashnagan, ilmi urfon makoni boʻlganini his qilib yuragimda qandaydir fahrmi, quvonchmi uygʻonadi
Nilufar tushga yaqin maktabdan qaytdi| Onasi Farida opa tayyorlagan tushlikni chala-chulpa yeb, likopchadagi olmaday qizarib turgan yumshoqqina ikkita shaftolini koʻtargancha dam olgani xonasiga kirdi| Birini ishtaha bilan yedi, ammo ikkinchisining poʻchogʻini archishga erinib toʻshakka choʻzildi| Uyqusi kelmadi
Bugun Dilshod akasi armiyadan keladi| Ziyodilla bu xushxabarni oyisidan eshitgan zahoti koʻchaga otildi
Bugun dam olish kuni| Erta tongdan bozor odamlar bilan gavjum bo‘ladi| Oyim bozorda ho‘l meva sotadilar| Men oyimga qo‘limdan kelganicha yordam berishga harakat qilaman| Akam ham qarab turmaydi| Kun yorishmay ulgurji bozordan besh-o‘n quti mevani yetkazib kelardi
Anvarning akasi Ilhom poytaxtdagi oliygohga kirib, chiroyli binolarning rasmini chiza boshlagach, uning yuragiga o‘t tushdi| Bir marta oyisi bilan Toshkentga borib keldi-yu qishlog‘i ko‘ziga juda xunuk ko‘rinib ketdi| Aslida u tug‘ilib o‘sgan go‘shasini juda yaxshi ko‘radi| Axir yozda mazza qilib cho‘miladigan anhorlar, kuzda ifori ko‘ngilni yorishtirib yuboradigan shaftolizorlar boshqa qayerda bor| Faqat qishloq ko‘chalarida tuproqlar ko‘pchib yotadi| Yozda oyoqni jizillatib kuydiradi, qishda balchiqqa aylanadi, uylar ham pastak, loysuvoq| Shularni o‘ylarkan u qishloqni qayta qurish kerak degan fikrga keldi| Bu haqida, avvalo, oqsoqol Nurmat boboga aytdi
Tayoq tog‘li joylarda sayohatchiga eng yaqin yordamchi| Qiya, sirpanchiq, ko‘pincha bir tomoni jarlik bo‘lgan tog‘ so‘qmoqlarida tayoq yo‘lovchiga tirgak bo‘ladi| Tik va nishabliklarda biroz engashib yurishga to‘g‘ri keladi| Bunday paytda og‘irlikning bir qismi tayoqqa tushib, oyoqqa yordam beradi| To‘satdan oyoq ostidan chiqib qoladigan ilonlar ham tayoqdan qo‘rqadi
Umidjon maktabidan qaytayotib qo‘llaridagi yukning og‘irligidan qadamini zo‘rg‘a sudrab bosayotgan cholga yetib olibdi| Otaxonga salom bergach:
Katta tanaffusga qo‘ng‘iroq chalinishi bilan bolalar “duv” etib tashqariga otilishdi| “Hozir hammasi maktab oshxonasiga borib, mazza qilib ovqatlanishadi, – o‘yladi Hamid partasiga qaytib o‘tirarkan| – Buvimning pensiyasi cho‘zilib ketmaganda, menga pul berardilar| Men ham bufetdan issiqqina somsa olib yerdim”
O‘n yoshli Tolibning ko‘cha tomondan yugurib kirib kelgani oyisining e’tiborini tortib so‘radi:
Shukrullo boboga bog‘bonlik ota meros edi| U nafaqat o‘z bog‘i yoki tomorqasida, balki qo‘ni-qo‘shni hovlisida, ko‘cha-ko‘yda bo‘sh yer ko‘rsa, darhol o‘sha yerga ham nihol ekardi| Bobo tomorqasidagi o‘rik daraxti tagidan chiqqan niholni erta bahor ko‘cha yuzidagi ariq bo‘yiga ekdi| Mehr bilan parvarishladi| Chunki bobo, men olamdan o‘tib ketganimdan so‘ng ham odamlar bu daraxt mevalaridan yeb, meni duo qilishadi, deb o‘ylardi| Uch yil o‘tib daraxt hosilga kirdi| Bobo xursand bo‘lib nishona hosil bilan hammani mehmon qildi| Ko‘p o‘tmay, Shukrullo bobo olamdan o‘tdi| U ekkan daraxt esa yildan yilga shoxlab, hosilliga hosil qo‘shilardi
Kunlarning birida odamlar Hasan Dashtiyni sinash maqsadida undan so‘rashibdi:
O‘zini shaharning olli boyi hisoblaydigan katta bir ishbilarmon Hasan Dashtiyning dovrug‘ini eshitib uning kulbasiga kelibdi va debdi:
Qadim-qadim zamonlarda emas, hozirgi zamonda Jasur ismli bola bor ekan| Lekin uni ko‘pchilik o‘z oti bilan emas, balki Chalavoy deb chaqirar ekan| Chunki u juda ham dangasa, boshlagan ishini hech qachon tugallamas ekan-da| Chalavoy qish kunlarining birida o‘rtoqlari bilan qorbobo yasamoqchi bo‘libdi| Ammo, qorbobo yasayotgan paytida oyisi chaqirib qolibdi| U uyga kirib, hayratga tushibdi| Chunki to‘ldirilmagan kundaligi, qulog‘i chizilmagan “fil” va chala tayyorlangan uy vazifalari tilga kirib, oyisining boshini qotirayotganmish| Ular Chalavoyni ko‘rib, uning ustiga bostirib kelib so‘roqqa tutishibdi| Holdan toygan Jasur: “Bo‘ldi, bas qilinglar, hammangizni tugatib qo‘yaman”, deb xonasiga qochib qolibdi
Zahiriddin Muhammad Boburning Samarqandni ikkinchi bor olganiga ikki oydan oshdi| Bobur hozirgi ahvoldan ancha mamnun| Qal’a devorlari ta’mirlandi| Kecha-yu kunduz soqchilar barcha darvozalarni bedor qo‘riqlashadi| Shahar aholisida bir oz tahlika bo‘lsa ham, lekin osoyishtalik hukm suradi| Hunarmandlar, savdogarlar shahar va qishloq ahli o‘z ishi bilan mashg‘ul
Alloma bobomiz Navoiy tavallud kuni munosabati bilan jurnalxonlar uchun u zot hayotidan qiziqarli ma’lumot berish maqsadida, kitob javonimdagi gazeta taxlamlarini ko‘rayotib, adabiyotshunos olim A’zamjon Azimovning Alisher Navoiyning muhri haqidagi ajoyib xotirasiga ko‘zim tushdi
Maktabdan hovliqib kelgan Sardor ko‘cha eshigidan kirishi bilan onasini chaqirdi
G‘ira-shira tong qorong‘isida g‘alati gap – so‘zlardan istar-istamas uyg‘onib ketdim| Onam ko‘cha kiyimlarini kiyib olibdi| Otam ham kiyingan| Boshida qalpoq| Shunda ular mendan yashirincha qayoqqadir ketmoqchi bo‘lishganini anglab injiqlandim:
Qishloqdagi hamma odam bu momoni “maqolchi momo,” deb ataydi| Negaki, momo har gapiga maqol qo‘shardi| Momoning qizi Umida o‘g‘li Sardorni onasiga qoldirib, shaharga ishlagani ketdi| Oyda bir kelib ulardan xabar olib ketadi| Momoning ismi jismiga monand| Rivoyat-u masallar koni| Bir kuni o‘qishdan kelsam, onam:
Zilola opa shogirdi Maftuna opa bilan Tarix muzeyidan tayyorlanayotgan ko‘rsatuvda qatnashishdi| Muzeydan chiqqanlarida soat oltidan oshgandi| Maftuna opa bolalarini bog‘chadan olishga shoshardi| Shu sababdan taksida ketmoqchi bo‘lishdi| Aksiga olib mashinalar kam| Nihoyat oq Neksiya chetroqda to‘xtadi| Yo‘l-yo‘lakay haydovchi o‘g‘lini maktabdan oldi, Maftuna opani esa bolalarining bog‘chasi oldida qoldirdi
Qish| Sovuq avjiga chiqqan| Uch kun burun yoqqan qorning usti ham sovuqdan qotib qolgan| Issiq kiyinib, bo‘yniga ham qalin sharf bog‘lab olgan Aziz hovliga chiqdi| Osmonga qaradi| Uzoqdan nur sochayotgan quyoshning rangi avvalgiday qizg‘ish emas, oqish ko‘rinardi| “Quyosh ham sovuq yermikin-a”, o‘yladi Aziz unga qarab turib| Shu choq, shunaqaga o‘xshaydi, deganday, ojizgina “chirq” etgan ovoz eshitildi| Aziz qarasa, hovli etagidagi kattakon o‘rik daraxtining pastki shoxida mittigina chumchuqcha hurpayib o‘tiribdi| U uchmoqchi bo‘lib qanotlarini silkitdi, lekin joyidan jilolmadi
Yaylovda yaqin qarindoshlar mehmonga kelsa uloq so‘yish odati bor| Shahardan tog‘am kelgan kuni otam o‘tgan kuzda tug‘ilgan qora uloqchani ag‘darmoqchi bo‘ldi
Shavkat otasi bilan tog‘li qishloqda yashaydigan tog‘asinikiga to‘yga bordi| Mahalla bolalariga qo‘shilib rosa chillak, quloqcho‘zma, bekinmachoq o‘ynadi| O‘yindan zerikkach, atrofi baland paxsa devor bilan o‘ralgan keng hovlini aylanib yurarkan, eski tandir yonidagi katakda bo‘ynini ichiga tortib, mudrab yotgan g‘alati qushga ko‘zi tushdi| Shavkat xuddi tilla topib olgandek, yuragi xapriqib ketdi| Katakka yaqinroq keldi| Sharpani sezgan qush qaddini tiklab, yovqarash qildi| O‘tkir, yumaloq ko‘zlari chaqnab ketdi| Shavkat hayiqib, yaqinlashishga yuragi dov bermadi| Keyin qushning katakda – tutqunda ekani esiga tushib, sal dadillashdi| U bunaqa qushni oldin ko‘rmagandi| Qush qarg‘adan kattaroq, olachipor, chiroyli edi| Uzun va baquvvat panjalari, qayrilma tumshug‘i vajohatiga vahshiy bir tus bergandi
Sinfda tez-tez bolalarning narsasi yo‘qoladigan bo‘ldi| Sinf rahbari Lola opa har bir o‘quvchisi ota-onalar bilan qayta-qayta suhbatlar, tarbiyaviy soatlar o‘tkazdi, biroq ahvol o‘sha-o‘sha| Bir kuni Lola opa o‘quvchilariga shunday dedi:
Nortoy qo‘shnisi Nabijon bilan sinfdosh| U matematikadan uyga berilgan vazifani yecha olmadi-da, darrov Nabijonni esladi
2 dona tuxum, 1 piyola shakar, 1 piyola qatiq, 5 osh qoshiq o‘simlik yog‘i, yarim choy qoshiq ichimlik sodasi, keragicha un, 10 dona o‘rik| (Siz istagan mevangizdan tayyorlashingiz mumkin)
Ehtimol siz “Munchoq kim ekan|” deb o‘ylayotgandirsiz-a| Yo‘q, bizning Munchoq qirq kokilli, sho‘x-shodon, qora qosh qizaloq emas, u oddiygina| qo‘zichoq| “Nega bo‘lmasa uning laqabi Munchoq|” deysizmi| Unda eshiting| Qo‘yxonamizning deyarli barcha qo‘ylari qishning izg‘irin sovug‘ida qo‘zilab, faqatgina Yulduzcha laqabli qo‘y bamaylixotir yuraverdi| Uning qo‘zichog‘ini kuta-kuta kattalar axiyri charchashdi| Faqatgina Sug‘diyona har tongda uyqudan ko‘zini ochdi deguncha, Yulduzchadan xabar olgani qo‘ra tomon yugurardi| Shu zaylda yanvar, fevral o‘tdi, ammo yangi qo‘zichoqdan darak bo‘lmadi| Nihoyat qish o‘tib, bahor keldi| Erta tongdan barcha Sug‘diyonaning “Suyunchi beringlar| Tug‘ildi| Munchog‘im tug‘ildi| Suyunchi beringlar|” degan jarangdor ovozidan uyg‘ondi| Kattalar qo‘yxonaga borib qarashsa, chindan ham Yulduzchaning oldida jajjigina qo‘zichoq ko‘zlarini mo‘ltillatib atrofga alanglardi| “Buncha shirin bo‘lmasa bu kichkintoy, bahor elchisi|” der edi barcha| – Bekorga bizni shuncha kuttirmabdi-da, bu Munchog‘ing, – deb jilmaydi Sug‘diyonaning ayasi| Darhaqiqat, Munchoq boshqa qo‘zichoqlarga o‘xshamas, boshida xuddi Sug‘diyonanikiga o‘xshash iroqi do‘ppisi bor, jingalak yunglari esa go‘yoki do‘ppining ostidan mo‘ralab turgan zar kokillardek edi| Uning qarashlari ham ma’noli| O‘tloqda mazza qilib o‘tlab, uyga qaytayotgan qo‘ylar tanish qo‘raga yaqinlashgach, ularni kutayotgan mazali yemga shoshib, kim o‘zarga chopishadi| Shunda qo‘yxona eshigi oldida jonivorlar bir-birini itarib birinchi kirish uchun suzishib ketadi| Bunday paytda qo‘ylar orasida qolib ketgan qo‘zilar hayoti xavfda bo‘ladi| Ammo Munchoq qo‘yxonaga yetganda doim chetga o‘tib, kattalarga yo‘l bergandek biroz kutib turadi-da, oxirida qo‘raga kiradi| Munchog‘imning ana shunday aqlli harakatlarini ko‘rganimda uni yanada yaxshi ko‘rib ketaman
Umida to‘rtinchi sinfni bitirdi| Yozgi ta’til boshlanganida u qishloqqa, xolasinikiga keldi| Kattalar shunday kelishishgan edi, qizcha toza havodan bahramand bo‘ladi, bir yo‘la xolasining o‘g‘ilchasiga qaraydi
Bir necha kundirki, Suhrob shom qorong‘isida uyiga qaytadi| O‘g‘lining bugun ham ust-boshi changga belanib, charchab, horib qaytganini ko‘rgan Fazilat opa ajablanib:
Yozgi ta’til bo‘lgani uchun uyda o‘tiraverib zerikdim-da, Rahimlarnikiga chiqdim| Eshikdan kirib chaqirsam, ayasi salomimga alik oldilar-da:
Ular g‘oyat sezgir va ehtiyotkorligi bilan boshqa ko‘chmanchi qushlardan farq qiladi| Biz ushbu beozor jonivorlarni G‘allaorol tumanidagi Qorovultepa suv ombori qirg‘oqlarida uchratdik| Ular gala hosil qilib havoga ko‘tarilayotganida qanotlarini qattiq-qattiq qoqib “vit-vit”lab baland tovushda qichqirishdi| Bu ularning dushmanlaridan himoyalanish usuli ekan| Ular ko‘l va suv havzasi bo‘ylaridagi quruq tepalik, suv qirg‘oqlari hamda eski qamish uyumlari orasiga xas-cho‘plardan uya qurishgan| Hatto ayrimlari uya ichiga momiq parlar to‘shab, och yashil tusdagi tuxumlarini qo‘yishga ham ulgurishgan ekan
Archali soyda soyning guvillashi, tonggi qushlarning nag‘masi avjga chiqadi
Bahodir do‘sti Olim bilan dars tayyorlab bo‘lib, uyiga xursand qaytib keldi-yu, mojaroning ustidan chiqib qoldi
Maktabga ketayotganimda, yo‘l chekkasidagi oddiygina uy darvozasi yoniga qo‘yilgan eski yog‘och kursida bir kampir omonatgina o‘tirardi| Men baland ovozda unga salom berardim| Kampir serajin yuzlariga chiroyli tabassum yugurib, alik olardi| Kampirning ovozi shunday mehrli bo‘lardiki, vujudim shodlikka to‘lib ketardi| Bu notanish kampir bilan salom-alikdan nariga o‘tmagan bo‘lsam-da, u kundan-kun yuragimning bir bo‘lagiga aylanib borardi| Uning yoniga borgim, gaplashgim kelardi, biroq hayiqardim| Bir kuni ajoyib hodisa ro‘y berdi| Hayotimga oltin harflar bilan yozilgan kun edi bu| Kampir meni yoniga chorladi| Men yugurib bordim| U qaynoq qo‘llarini yuzimga bosdi| Men go‘yo farishtaning yonginasida o‘tirardim
Shohrux va Dildora aka-singil| Ular bir oilada ulg‘ayishayotgan bo‘lsa-da, qiziqishlari, fe’l-atvori turlicha| Masalan, Dildora kitob o‘qishni yaxshi ko‘radi| Shohrux esa buning aksi – o‘yinga berilib, vaqtini bekor o‘tkazadi
Farangiz atoqli yozuvchi Abdulla Qodiriyning “Moziyga qaytib ish ko‘rmak xayrli deydilar” degan qimmatli o‘gitini o‘ziga shior qilib olgan| Uning o‘qishni o‘rganib olganidan keyin ilk bor mutolaa qilgan kitobi ham tarixiy mavzuda bo‘lgan| Bu o‘zbek adibi Mirkarim Osimning dovyurak cho‘pon – Shiroq haqidagi hikoyasi edi| Yozuvchining tarixiy qissalari uni o‘ziga sehrlab oldi| Sak qabilasining malikasi To‘maris, kelini Zarina, Alisher Navoiyning bolaligi, avliyo shoir Boborahim Mashrab haqidagi qissalarni dadasi o‘qib berar ekan, Farangiz xuddi ertak eshitganday sehrlanib tinglardi| Shu tariqa maktabda qadimgi dunyo tarixi bilan baravar Movoraunnahr tarixini qiziqib o‘rgandi| Uning uchun tarix eng sevimli fanga aylandi| Tarix o‘qituvchisi Nigora opa Qurbonova o‘quvchisidagi qiziqishni sezib, to‘garagiga qabul qildi| Deyarli har kuni u bilan mashg‘ulot o‘tkazar, barcha savollariga atroflicha javob berishga harakat qilardi
Bir kuni Botir bilan Diyor baliq oviga bormoqchi bo‘lishdi| “Yo‘q, men borolmayman”, deyishiga qaramay Samandarni ham birga olib yo‘lga tushishdi| Tonggi shudring qo‘ngan chimzor xuddi marjondek tovlanar, Samandarning biroz tobi bo‘lmagani uchun salqin havo etini junjiktirardi
Bolalar maktabdan qaytishdi
Nusratjon ustozidan “Yosh hunarmand” tanlovi haqida eshitdi-yu, halovatini yo‘qotdi| Kimsan, mashhur kulolchi Sobir otaning nabirasi bo‘lsa-yu, tanlovda ishtirok etmasa, uyat bo‘ladi-ya| U tanlovda qatnashadigan bo‘ldi| Bobosi ikkovlari loy pishitishdi, hushtaklar yasab olovda quritishdi, rang berishdi| Tayyor hushtakchalarni avaylab qutiga, so‘ng xaltaga solishdi
– Eh, qaniydi daraxtdagi mana bu xurmolar o‘rnida shokoladlar osilib turgan bo‘lsaydi, – dedi Javohir daraxtdagi so‘nggi xurmolarni terib olayotgan buvisiga
– Bolam, g‘izillagancha do‘konga chiqib kelgin, tuz qolmapti, – dedi onasi
– Jasur, o‘g‘lim, men uz-o-oqqa ishlagani ketyapman| Yangi yilda qaytaman| Senga u yerdan nima olib kelay| – so‘radi dadasi Jasurni bag‘riga bosib| Kutilmagan savoldan Jasur shoshib qoldi| Keyin ko‘zi hovli etagidagi yaproqlari shabadada chiroyli shovullab turgan mirzaterakka tushdi| “Menga mana shu terakdek baland, rostakam archa olib keling| Hovlimizga o‘rnatamiz”, – dedi u| Ota-bola qo‘l tashlashdi
O‘qishdan kelsam uyga
Nilufar katta tanaffusda maktab hovlisida o‘rtoqlari bilan biroz o‘ynadi
Dam olish kuni bo‘lgani uchun Qodirjon bog‘da ishlayotgan hasharchilarga “temir toychog‘i”da dastyorlik qildi| Uning bobosi viloyatdagi mashhur bog‘bonlardan| “Mirishkor” fermer xo‘jaligi rahbari| Bobosi bir vaqtlar agronom bo‘lib ishlagan| Keyin mana shu qirga suv chiqarib uzum navlari olib kelib ekkan| Bu bog‘da har yili tonnalab uzum yetishtiriladi| Bobosining aytishicha, otasi “idora odami” bo‘lgani uchun kelgusida bog‘ni Qodirjon boshqarar emish
Bir ariqdan toza, tiniq suv oqib kelib, bog‘-u rog‘larni sug‘orar, atrofdagi o‘simliklarga hayot baxsh etarkan| Ammo shu ko‘chada o‘ynaydigan bolalar unga har xil chiqindilarni tashlab iflos qilarkan| Bolalarning ishidan qattiq hafa bo‘lgan ariq Katta Ota ariqqa arz qilibdi| Ota ariq o‘g‘liga boshqa suv bermay qo‘yibdi| Shu suv yo‘lidagi daraxtlar, o‘simliklar va bog‘-u rog‘lar sarg‘ayib qurishni boshlabdi| Buni ko‘rgan mo‘ysafidlar xavotirga tushishibdi| Chunki mahalla ahli meva-chevalarsiz qoladigan bo‘libdi-da| Qurg‘oqchilik sababini bilmoqchi bo‘lib ular suvni qidirib ketibdilar| Katta ariq boshigacha borib undan:
Sardor jonivorlarni juda yaxshi ko‘radi| Shuning uchun bobosi uni tez-tez hayvonot bog‘iga olib boradi
Yaqinda Dilnozaning tug‘ilgan kuni| Dadasi odatda tug‘ilgan kunidan bir necha kun oldin Dilnozadan qanday sovg‘a xohlashini so‘raydi| Dadasining bu galgi savoliga Dilnoza:
Mahallamizdagi bolalar Azamat akamni yaxshi ko‘rishadi| Shuning uchun ularni mahalla noziri etib tayinlanganini eshitib juda xursand bo‘lishdi| Azamat akam harbiyga ketishlaridan oldin va harbiy bilim yurtidan ta’tilga kelgan vaqtlarida ham bizga qiziq-qiziq voqealarni aytib berardi| Ayniqsa, o‘z boshidan o‘tkazgan bir voqea menga qattiq ta’sir qilgan| O‘shanda Azamat akam oliygohdan ta’tilga kelgandi| O‘qishimiz haqida surishtirdi| Ba’zi bolalarni har xil bahonalar qilib dars tayyorlamasligini eshitib xafa bo‘ldi| Keyin bir voqeani aytib berdi
May oyining oxirlari| Chimzordagi o‘yindan qaytgan Jamshid chorpoyada o‘tirgan bobosini ko‘rib, bag‘riga otildi:
Nigina bu yil 8-sinfni tamomladi| U har yili yozda oromgohlarga borar edi, ammo bu yil dadasi ruxsat bermadi| To‘g‘risini aytganda, dadasidan avval buvisi istamadi| Qiz bola muhim hunarlardan birini egallashi kerak emish| Shu sababli u o‘zi uchun boshqa rejalar tuza boshladi
Men yozgi ta’tilni intiqib kutdim| Chunki oyijonim oromgohga yo‘llanma sovg‘a qilgandi| Allaqachon kerakli narsalarni tayyorlab, sevimli kitoblarimni joylashtirib qo‘ygandim-da| Nihoyat o‘sha kun keldi| Biz, barcha dam oluvchilar avtobuslarga chiqib joylashdik| Ro‘paramga kelib o‘tirgan qizlar bizning mahallamizdan ekan| Nargiza va Dildora, deb o‘zlarini tanishtirdi qizlar chiroyli jilmayib| Ular bilan tezda do‘stlashib oldim| Dildora juda ochiqko‘ngil, samimiy, Nargiza esa biroz tortinchoq, kamgap qiz ekan| U yo‘l bo‘yi kundalikka nimalarnidir yozish bilan mashg‘ul bo‘ldi| Oromgohga yetib borishimiz bilan hammamiz xonalarimiz tomon yugurdik| Men va Dildora yonma-yon, Nargiza esa biroz teparoqqa joylashdi| Tog‘ bag‘ridagi so‘lim oromgohda mazza qilib dam olardik: cho‘milish, to‘garaklarga qatnashish jon-u dilimiz edi| Kitob o‘qishni juda yoqtirardim| Dildora esa rasm chizishga qiziqardi| Nargiza cho‘milishni xushlamasdi, ko‘proq tabiat qo‘ynida bo‘lishni xohlardi| Ta’tilni ana shunday maroqli o‘tkazayotgan kunlarimizning birida nima bo‘ldi-yu, Nargiza birdan “kundalik daftar”imni kim oldi|” deb yig‘lab yubordi| Aytishicha, kundaligida juda kerakli ma’lumotlar bor ekan| Shu payt eshik taqillab, qo‘shni guruhdagi Dilnoza kirdi-da, qo‘lidagi kundalikni uzatdi| Qarasak, Nargizaning “kundalik daftari”| Nargiza biroz avval ariq bo‘yida o‘tirganimizda bilmay unutib qoldirgan ekan| Topib olgan bola qarasa, daftarning yuziga bizning guruhimiz raqami yozilgan ekan| Nargiza xursand bo‘lib daftarni qo‘liga olib, bag‘riga bosdi
Yoz kelib qir-adirlardagi maysalar quyosh-ning qaynoq taftidan sariq tusga kira boshlagan| Kunlar isib soylardagi toshlar qizigan| Mana, bir soatdan ortiq vaqt bo‘ldiki, tog‘lar bag‘ridagi ilon iziday cho‘zilib ketgan chang yo‘ldan eski UAZ balandlikka o‘rmalab bormoqda| Haydovchi qotmadan kelgan, jingalaksoch, bo‘ydor, serharakat Bahodir ismli tog‘lik odam| U yo‘lovchilar zerikib qolmasin deb qiziq voqealardan so‘zlar, bu gaplardan birov kulsa, birov uyqu to‘la ko‘zlarini og‘rinibgina ochib qo‘yadi| Yo‘lovchilarning uch nafari shaharlik o‘smir yigitlar| Ular Boysun shahridan bir necha chaqirim uzoqlikdagi tevarak-atrofi baland tog‘lar bilan o‘ralgan Qayroq qishlog‘idagi qarindoshlarinikiga dam olish uchun kelishyapti
Solihning qadrdon sinfdosh do‘sti Asadbek boshqa maktabga o‘tib ketdi| Faqat Asadbek bilan o‘ynab, faqat u bilan dars tayyorlab yurgan Solih bundan ancha dovdirab qoldi| Keyin partadoshi Kozim bilan o‘rtoq bo‘lishga qaror qildi| Kozim sinfdagi eng to‘polonchi, dangasa o‘quvchi edi| Avvaliga o‘rtoqlari, balki bu yaxshilikkadir, endi Kozim ham yaxshi o‘quvchiga aylanar, deb o‘ylashdi| Biroq oradan ko‘p o‘tmay buning aksi bo‘ldi| Solih darslardan ketib qoladigan, o‘qituvchilarni ham aldaydigan odat chiqardi| Sinfdoshlari uni bir necha marta tartibga chaqirishdi, biroq foydasi sezilmadi| Solih kundan-kunga Kozimning ta’siriga tushib borayotganidan tashvishlangan bolalar bu haqida sinf rahbariga xabar berishdi
Ayni peshin payti| Quyosh olov purkaydi| Anhorda cho‘milayotgan bolalarni aytmasa, yoshi kattalar salqin joylarni egallashgan| Samoda qushlar ko‘rinmaydi, Hayvon-u hasharotlar ham salqin, namchil yerdan panoh topishgan
Sardorning xotirasi yaxshi emas| Qancha harakat qilsa ham, she’rni to‘laligicha yodlab ololmaydi| Yo‘q, yodlaydi| Ammo doskaga chiqishi bilan hammasi esidan chiqib ketadi| Bu haqida o‘rtog‘iga aytgandi, o‘rtog‘i shunday maslahat berdi:
Ko‘klam keldi deguncha barcha qoramollarni, ya’ni podalarni tog‘ning yuqoriroq qismiga haydardik| O‘tloq, dara-kamarlarni, sayhonliklarni egallardik| Ko‘pincha ularni o‘sha yerlarda qoldirib, o‘zimiz Mirzaqo‘rg‘onga qaytib kelardik| Bir-ikki kundan so‘ng yana xabar olardik| Men sakkiz yoshga kirgan bo‘lsam-da, hali maktabda o‘qimasdim| Otamga ergashib go‘yoki cho‘liqlik qilardim| Bir gal otam podadan xabar olish uchun menga bildirmay ketib qolibdi| Lekin qaytgach, kutilmaganda bir gap aytib qoldi:
Tongda qushlarning yoqimli chug‘ur-chug‘uri quloqqa chalindi| Akmal: – Voy uyimizga qushlar kirib qoptimi| Shoshma, hozir senlarga ko‘rsatib qo‘yaman, – deb yostig‘i tagidan cho‘zma (rogatka)-sini olib, shoshib ayvonga chiqdi| Qarasa, shiftda bir juft qaldirg‘och tinmay parvoz qilardi| Biri qo‘yib biri tumshug‘ida loy tashib, uy qurishardi| Akmal qaldirg‘ochlarni ko‘rib, quvonib ketdi| Chunki bu beozor qushlarni yaxshi ko‘rardi| Ular haqida buvijonisidan qiziq hikoyalar eshitgan
Soatga qaragan Anvar, bugun ham darsga kech qolganini tushundi| Kechagina sinf rahbariga boshqa darsga kechikmaslikka so‘z bergandi| Aksiga olib, birinchi dars matematika| Ustozning o‘zi o‘tadi| Agar uxlab qolganini aytsa, ota-onasiga telefon qiladi yoki sinfdoshlarining oldida uyaltiradi| Bu vaziyatdan qutulish yo‘lini o‘ylagan Anvar, xayoliga kelgan fikrdan quvonib ketdi:
Oxirgi dars tugab, tanaffusga qo‘ng‘iroq chalindi| Sinfda g‘ala-g‘ovur, shitir-shitir boshlandi| O‘quvchilar shosha-pisha narsalarini yig‘ishtirib, tashqariga oshiqdilar| Muallima Vazira opa jurnalni qo‘ltig‘iga qisib, endi o‘rnidan turgan ham ediki, orqa qatordan kimdir bor ovozda chinqirib yubordi
Bahor fasli edi| Turnalar galasini daryo atrofiga kelib qo‘nganini eshitgan Obid quvonchi ichiga sig‘may o‘sha tomon yugurdi| U turnani faqat kinolarda ko‘rgan, hozirgisi esa go‘yo mo‘jiza bo‘lib tuyuldi| Obiddan boshqa tomoshabin bolalar ham bu qushlarga qiziqib uzoqdan qarab turishar edi| Nariroqda sinfdoshi Hasanga ko‘zi tushgan Obidning hayajonli qichqirig‘i eshitildi:
Qishning izg‘irin kunlaridan biri edi| Ertalab onam:
Oppoq osmondan o‘ynab-o‘ynab tushayotgan qorparcha yerga tezroq yetib borishga oshiqdi| Chunki uning qanday ekanligini ko‘rishga qiziqayotgan edi-da| Yerga yaqinlashar ekan, yon-atrofida do‘stlarini ko‘rib quvondi| Birovi oldinroq, birovi keyinroq uchib kelishyapti| Ular bu safarga chiqmaslaridan avvalroq qorbola haqida eshitishgan| Barchalari qorbolaga aylanishni niyat qilishgan
Yaqinda poytaxt universitetlaridan birida o‘qishni tamomlab, maktabga yangi kelgan Orif muallimning: “Bolalar, bilasizmi, Toshkent teleminorasi dunyodagi o‘nta eng baland inshootdan biridir”, degan gapidan so‘ng, o‘quvchilar birdan “O‘-o‘-o‘”, deb yuborishdi| Faqat orqa partada o‘tirgan, sinfdoshlari bilan hadeb bahslashavergani uchun ular tomonidan “Aqlli” degan kinoyaviy laqab orttirgan Mirodilgina, go‘yo, buni men ham bilaman, degandek, qo‘llarini ko‘kragiga chalishtirib, indamay o‘tirardi| Bu holat 8-sinfga geografiya darsidan uchinchi marta kirayotgan Orif muallimni e’tiborsiz qoldirmadi| Oldingi safar ham, “Savollar bormi|” deganida shu bola bir-ikkita darsga aloqasi yo‘q narsalarni so‘ragan, muallim ularga batafsil javob qaytargan edi| “Toshkent iqtisodiy-geografik rayoni” mavzusini tushuntirayotib, poytaxt haqida ham to‘xtalar ekan, talabalik chog‘larida O‘zbekistonning eng baland inshootiga borgani, poytaxt manzarasini 110-115 metrlar yuqoridan tomosha qilish zavqi o‘zgacha bo‘lganini qisqacha hikoya qilib berayotgan edi
Ahmadjon bu yil oltinchi sinfda o‘qiyapti| U juda sergap va sho‘x bola| O‘qituvchilarining aytishicha, Ahmadjonning harbiy bilim yurtida o‘qiyotgan Rustam ismli akasi bor ekan| U maktabda juda a’lochi, zehnli, og‘ir-bosiq bola bo‘lgan ekan| Ukasi esa uning aksi| Xotirasi yaxshi bo‘lsa ham, uni keraksiz narsalarga ishlatadi| Qaysi sinfga yangi o‘quvchi keldi, kim yaxshi mushtlasha oladi, futbolda qaysi sinf yutqazib qo‘ydi| Mana shunday ma’lumotlar kerak bo‘lsa, Ahmadjon javob berishga tayyor
Do‘rmondagi “Ijod uyi” tomon yo‘l oldim| Har galgidek tanish bekatga kelib tushdim| Masofa unchalik olis emas, ikki chaqirimcha yayov yurish kerak| O‘tgan yili may oyida kelganimdagi go‘zal manzaralarni xayoldan o‘tkazib ikki yuz metrcha yurganimni bilaman, Qibray tarafdan “Yo‘ldan qoch|” deya chinqirganicha pishqirib poyezd kelayapti| Oldinda esa temiryo‘lning qoq o‘rtasidan bir yoshgina qizg‘ish tusli toychoq bir gala molni oldiga solib quvib borayapti
Soat millari tungi 23: 30| Devorda osig‘liq kalendar negadir xomushgina bo‘lib “31-dekabr” sanasini ko‘rsatib turibdi| Komilalarning uyi bayramona bezatilgan| Katta xona o‘rtasida savlat to‘kib turgan archa tevaragida hamma parvona| Go‘yo butun dunyo bezaklari shu archa gardaniga osilgan – mitti sharchalar-u bejirim o‘yinchoqlar, turfa ranglarga boy zarlar-u bir-birini quvib miltillayotgan chiroqlar| Atrof shovqin, kulgu, qiyqiriq| Barchaning yuragida bir intiqlik bor: soat millari qachon yangi yil kirib kelganligini bildirib bong chaladi
Bu voqea o‘tgan yili yangi yil kuni sodir bo‘lgan edi| O‘sha kunni eslasam, haligacha uyalib ketaman| O‘zi ham tinib-tinchimagan bolaman-da| Rejalashtirgan ishim amalga oshmaguncha qo‘ymayman, biroq o‘xshata olmasam, ancha vaqtgacha o‘zimni koyib yuraman
Bolaligimda ota-onam meni juda yaxshi ko‘rar, doim sovg‘alar bilan siylardi| Balki bunga ko‘p kasal bo‘lganim sababdir| Chunki tomog‘im og‘risa, tepki bo‘lganimda, shamollasam ota-onam dori bilan birga darrov sovg‘a ham ko‘tarib kelardi
Shokir qovunchi desa, bobomni qishloqda hamma taniydi| Bobom uzoq yillardan buyon qo‘shnilarimiz Mashrab va Mamasiddiq amakilar bilan Chirchiq daryosi bo‘yidagi sayhonlikda qovun-tarvuz ekadi| Bobom yetishtirgan qovunlarning oldida Mashrab amakining qovunlari handalakday bo‘lib qoladi| Chunki polizimizdagi qovunlarning eng kichigi yangi tug‘ilgan qo‘zichoqdek keladi| Bobom urug‘ qadashdan oldin yerni chuqur qilib haydatib, yaxshilab o‘g‘itlaydilar| Ko‘chatlar parvarishida ham erinmaydilar| Qovunlar gulini tashlab, xamak tugishi bilan poliz chetidagi chaylaga ko‘chib chiqadilar| Bizning chayla boshqalarnikiga o‘xshab omonatgina qamish yoki shox-shabbalardan emas| Poydevori yerdan ancha ko‘tarilgan, sinch tomli, eshikli qilib qurilgan| Rosmana uycha| Chayla yonida oshxona ham bor| Eski gaz plitamizni shu yerga o‘rnatganlar| Dadam ballonda gaz keltirib beradilar| Bobom unda nafaqat choy qaynatadilar, balki ovqat ham pishiradilar| Dala atrofidan simyog‘och o‘tmagani uchun bu yerda chiroq yo‘q| Ammo dadam buning ham yo‘lini topganlar| Bobomga kichkinagina dvijokli chiroq o‘rnatib berganlar| Shuning uchun qovunchi amakilar to uyqulari kelguncha bobomning chaylasida o‘tirishadi
Sahroyi Kabirda bir qaroqchi yashar ekan| U o‘tgan umri davomida kishilarga faqat yomonlik qilgan ekan| Kunlarning birida qaroqchi tushida qora libosli kishini ko‘ribdi| U qaroqchiga:
It adashib qolgan edi| Bundan ikki hafta oldin u bir notanish yigitning ortidan ancha masofagacha ergashib bordi| Bu odam unga juda yoqib qolgandi| U do‘st bo‘lishni, u bilan birga yashashni, unga vafodor bo‘lishni juda istardi| It bu odamga xushomad qilgandek dumini likillatib qo‘ydi| Lekin yigit uni tepib yubordi
Erta tongda eshikdan kirib kelgan nabiralari Salima buvini mahkam quchoqlab oldi| Supachadagi xontaxta atrofida gurunglashib nonushta qilishdi| So‘ngra hovli etagidagi mo‘jaz boqqa chiqishdi| Xola bog‘ni juda yaxshi ko‘radi| Kichkinagina bo‘lsa ham sara mevali daraxtlar bor| Ularni rahmatli choli ekkan| Bog‘ni aylanib yurib, ko‘zi o‘rik daraxtiga tushdi| G‘arq pishgan mevalar yer bilan bitta bo‘lib yotardi
Sanobar bugun maktabdan kech qaytdi| Ustini apil-tapil almashtirib, oshxonaga chopdi| Uning oyisi oshxonada shoshib ovqat tayyorlayotgan edi
Bu safargi suhbatimiz “Kim bo‘lsam ekan” mavzusida bo‘ldi| Sinfimiz qizlari shifokor bo‘lishdan boshlab, dizaynerlik kasbini maqtagancha gaplarini tugatishdi| Ularning balandparvoz gaplaridan o‘ylanib qoldim| Hammasi shifokor bo‘lib ketsa, qishlog‘imizda yangi ochilayotgan konserva zavodi, sut mahsulotlarini qayta ishlash sexida kim ishlaydi
Bahorgi o‘quv ta’tilida Anvar bilan Akbarlarnikiga olis Jaloyir qishlog‘idan Ozodbek mehmon bo‘lib keldi| U o‘zi o‘qiyotgan maktabda shaxmat to‘garagi borligini, to‘garakda faol qatnashib, allaqachon sinfdoshlari orasida chempion bo‘lganligini zavq bilan gapirib berdi| Hatto maktab direktori uni “Faxriy yorliq” bilan taqdirlabdi
O‘tgan yili yozgi ta’tilning ilk kunlari edi
Dadam mashinani darvozadan yo‘lakka olib kirar ekanlar, gapirib qoldilar:
Komil maktabda “Tabiatning yosh do‘stlari” guruhi sardori| U yozgi ta’tilda o‘rtoqlari bilan qishloqlari etagidan oqib o‘tadigan daryo sohiliga tez-tez chiqib, u yerdagi jonivorlarni o‘rganadi| Suratga oladi| Uning bobosi Turg‘un amaki usta ovchi| Hayvonlar, suv jonivorlari haqida juda ko‘p ma’lumotlarga ega| Komil o‘zi uncha yaxshi bilmagan jonivorlar haqida bobosidan so‘rab oladi
Madina endi 4-sinfda o‘qiydi| Lekin juda mahmadona| Hamma narsaga aralashaveradi| Mahalladagi ayollar, Karima opoqi nevarasini “qovurib” olgan, deb kulishadi| Bir kuni Hakima xola ko‘chasini supurayotgan ekan| Madina darvozalaridan chiqib bir zum unga qarab turdi-da, asta yoniga borib, salom berdi| Keyin:
Poytaxtimizning Olmazor tumanidagi 165-maktabda tashkil qilingan “Qaldirg‘och” nomli sog‘lomlashtirish oromgohida 150 nafar o‘quvchi mazza qilib dam olmoqda| U yerda tashkil etilgan to‘garaklarda bolalar o‘zlari qiziqqan hunarlarni ham o‘rganishmoqda
Oyqor tog‘ining kun chiqish tarafida – Ko‘kqo‘ton archazorlarining quyuq qismidagi uyada ona ayiq Qo‘ng‘ir va Paxmoqoy laqabli bolalari bilan yashar edi
O‘n yoshli Alisher oxirgi paytlarda tez-tez kasal bo‘lib qolaverdi| Natijada maktab darslarini o‘zlashtirishda sinfdoshlaridan orqada qola boshladi
Navbatdagi ov mavsumida Bim uch yoshga to‘ldi, Ivan Ivanich uni o‘rmon bilan tanishtirdi| Bu ikkalasi uchun ham qiziq kechdi
Elchini katta e’zoz bilan Oqsaroyga olib kirishdi| Ulkan ko‘shkli saroy darvozasidan kirib borar ekan, Klavixo bu shohona koshonaning har burchiga yosh boladek intiq boqar, o‘zgacha nur taralib turgan devorlarning mahobati va bejirim naqshlaridan ko‘zi qamashardi| Oyog‘i ostidagi marmarda mavjlanayotgan o‘z aksini ko‘rib turgan mehmon qadamini yengillatdi| Go‘yoki oyna ustida sirpanib uchayotgandek ko‘ngli hapriqdi
Ukam ikkimiz jonivor va qushlarni yaxshi ko‘ramiz| Bu xislat bizga bobomdan o‘tgan bo‘lsa kerak| Chunki bobomni uyi xuddi hayvonot bog‘iga o‘xshaydi| Bobom hovlisining etagida jonivor va qushlar uchun maxsus xonalar qurganlar| U yerda quyon, tipratikan, qo‘zichoq, buzoq, tovuq, kurka, kaptar va kaklik bor| Bobom har bir jonivor qanday o‘t yeydi, qaysi qushga qaysi don ko‘proq yoqishini, hatto ular qay paytda suv ichishi kerakligini ham biladilar
Uy vazifalarini bajarib bo‘lib, kitob-daftarlarini sumkaga joylagan Dilmurod sovqotganidan xona ichida bo‘lishiga qaramay paltosini kiyib oldi| Aksiga olib ko‘mir ham tugagan| Pechkani yoqishga o‘tin kerak| Uning xayolini bo‘lib akasi chaqirdi
Nurbek velosipedi bor o‘rtoqlariga havas qilardi| Ular kim o‘zarga poyga qilishib, velosiped uchib yurishganda “Qachon mening ham velosipedim bo‘larkin|” deya yuragi orziqib, ortlaridan uzoq termulib qolardi
– Dadasi, – dedi Kimyo opa xo‘jayinini ishga kuzatayotib, – o‘g‘lingizni etigi yirtilib qolibdi| Maktabga kiyib borishga oyog‘ida yo‘q
Elnoraning ukasi Umarjon birinchi sinfni tugatyapti| Hamma fanlardan o‘qishi yaxshi-yu, ammo matematikadan hisob-kitobga zo‘r bo‘lsa ham masala tuzishga hech uquvi yo‘q-da| Mana, ta’til paytida berilgan o‘nta masaladan bittasini ham tuza olmadi| Ertaga esa o‘qituvchi hammadan uy vazifasini so‘raydi
Ergash ikkalamiz sakkizinchi sinfda o‘qiymiz| Yoshimiz teng| Ergash asli qishloqdan| U amakisinikidan maktabga qatnaydi| Amakisining hovlisi bizning hovlimizga yaqin| Ergashning otasi tog‘oldi Padang qishlog‘idagi maktabda boshlang‘ich sinf o‘qituvchisi| Padang Boysun shahar markazidan piyoda yurganda bir soatlik masofadagi qishloq| Tog‘lar orasida joylashgan barcha qishloqlarga yo‘l soy va dara bo‘ylab joylashgan Padangdan o‘tadi| Asosan chorvachilik, lalmi dehqonchilik bilan shug‘ullanuvchi aholi bahor kelishi bilan toqqa yaqin adirlarga ko‘chib chiqishadi| O‘nlab o‘tov va kapalardan iborat bunday turarjoylar ovul deyiladi| Suvli buloqlar va kamarlar yaqinida joylashadigan ovullarning doimiy maskani bo‘lmaydi| Atrofdagi o‘t-o‘lanlarni mollar yeb bitirishgach, boshqa sero‘t yaylovlarga ko‘chishadi
Nonushtaga chiqqan Jamshid ota-onasining avzoyini ko‘rib hayron bo‘ldi| Ko‘rpachaga o‘tirar ekan ko‘zi bir dasta pulga tushdi
Ertalab Dilshod ayvonchada bobosi bilan nonushta qilib o‘tirgandi| Shu payt ochiq turgan derazadan ikkita qaldirg‘och uchib kirdi-da, tepalarida charx urib, aylana boshladi
Osmonda pag‘a-pag‘a bo‘lib suzayotgan bulutlar asta-sekin quyuqlashdi, ohistagina yomg‘ir tomchilay boshladi| Ozodbek osmonga qarab xo‘rsinib qo‘ydi| Go‘yoki samo ham unga hamdardlik bildirayotgandek edi| Oyisi xomush o‘tirgan o‘g‘lining boshini silab:
